id_str,created_at,full_text,full_text(utf-8),entities,geo,lang
1339020285702496257,2020-12-16 01:31:28,"@Wowhead @bigdumbgaming They must have drunk a lot of Game Fuel to beat that boss so fast on mythic.

I beat that boss on normal with pugs and it was a nightmare! Rip healers.",b'@Wowhead @bigdumbgaming They must have drunk a lot of Game Fuel to beat that boss so fast on mythic.\n\nI beat that boss on normal with pugs and it was a nightmare! Rip healers.',"{'hashtags': [], 'symbols': [], 'user_mentions': [{'screen_name': 'Wowhead', 'name': 'Wowhead', 'id': 17258481, 'id_str': '17258481', 'indices': [0, 8]}, {'screen_name': 'bigdumbgaming', 'name': 'BDGG', 'id': 829782641067032576, 'id_str': '829782641067032576', 'indices': [9, 23]}], 'urls': []}",,en
1339017663452942337,2020-12-16 01:21:03,"@GameFuel @OTKnetwork I love MTN dew Game fuel so much but my country doesn't sell MTN dew Game fuel.

Every time I have to drive the next country to get some.

But recently through OTK I just realize that I could have just ordered online LOL. üò≠","b""@GameFuel @OTKnetwork I love MTN dew Game fuel so much but my country doesn't sell MTN dew Game fuel.\n\nEvery time I have to drive the next country to get some.\n\nBut recently through OTK I just realize that I could have just ordered online LOL. \xf0\x9f\x98\xad""","{'hashtags': [], 'symbols': [], 'user_mentions': [{'screen_name': 'GameFuel', 'name': 'MTN DEW GAME FUEL', 'id': 1083430522292973569, 'id_str': '1083430522292973569', 'indices': [0, 9]}, {'screen_name': 'OTKnetwork', 'name': 'OTK', 'id': 1310888946826608640, 'id_str': '1310888946826608640', 'indices': [10, 21]}], 'urls': []}",,en
1338953585430818816,2020-12-15 21:06:25,"No paypal option, i'm sad  @OTKnetwork  :( üò≠ https://t.co/2Z2PpNgoTJ","b""No paypal option, i'm sad  @OTKnetwork  :( \xf0\x9f\x98\xad https://t.co/2Z2PpNgoTJ""","{'hashtags': [], 'symbols': [], 'user_mentions': [{'screen_name': 'OTKnetwork', 'name': 'OTK', 'id': 1310888946826608640, 'id_str': '1310888946826608640', 'indices': [27, 38]}], 'urls': [], 'media': [{'id': 1338953581299372036, 'id_str': '1338953581299372036', 'indices': [45, 68], 'media_url': 'http://pbs.twimg.com/media/EpTrMCgWEAQs9By.jpg', 'media_url_https': 'https://pbs.twimg.com/media/EpTrMCgWEAQs9By.jpg', 'url': 'https://t.co/2Z2PpNgoTJ', 'display_url': 'pic.twitter.com/2Z2PpNgoTJ', 'expanded_url': 'https://twitter.com/MasterWooPing/status/1338953585430818816/photo/1', 'type': 'photo', 'sizes': {'thumb': {'w': 150, 'h': 150, 'resize': 'crop'}, 'small': {'w': 314, 'h': 680, 'resize': 'fit'}, 'medium': {'w': 554, 'h': 1200, 'resize': 'fit'}, 'large': {'w': 828, 'h': 1792, 'resize': 'fit'}}}]}",,en
1338893241220026373,2020-12-15 17:06:38,@Warcraft @blindplaythrough,b'@Warcraft @blindplaythrough',"{'hashtags': [], 'symbols': [], 'user_mentions': [{'screen_name': 'Warcraft', 'name': 'World of Warcraft', 'id': 61033129, 'id_str': '61033129', 'indices': [0, 9]}], 'urls': []}",,und
1338892670748471297,2020-12-15 17:04:22,@RichWCampbell Asmon off stream https://t.co/Q0ro54DWsx,b'@RichWCampbell Asmon off stream https://t.co/Q0ro54DWsx',"{'hashtags': [], 'symbols': [], 'user_mentions': [{'screen_name': 'RichWCampbell', 'name': 'Rich Campbell', 'id': 215743018, 'id_str': '215743018', 'indices': [0, 14]}], 'urls': [], 'media': [{'id': 1338892666055045121, 'id_str': '1338892666055045121', 'indices': [32, 55], 'media_url': 'http://pbs.twimg.com/media/EpSzyTiWMAEMHq2.jpg', 'media_url_https': 'https://pbs.twimg.com/media/EpSzyTiWMAEMHq2.jpg', 'url': 'https://t.co/Q0ro54DWsx', 'display_url': 'pic.twitter.com/Q0ro54DWsx', 'expanded_url': 'https://twitter.com/MasterWooPing/status/1338892670748471297/photo/1', 'type': 'photo', 'sizes': {'thumb': {'w': 150, 'h': 150, 'resize': 'crop'}, 'medium': {'w': 710, 'h': 828, 'resize': 'fit'}, 'large': {'w': 710, 'h': 828, 'resize': 'fit'}, 'small': {'w': 583, 'h': 680, 'resize': 'fit'}}}]}",,en
1338888167286517767,2020-12-15 16:46:29,"@Erein666 Nah, it is still a fun idea though!","b'@Erein666 Nah, it is still a fun idea though!'","{'hashtags': [], 'symbols': [], 'user_mentions': [{'screen_name': 'Erein666', 'name': 'Kiri', 'id': 1189603749909663744, 'id_str': '1189603749909663744', 'indices': [0, 9]}], 'urls': []}",,en
1338887758471962627,2020-12-15 16:44:51,"OTK x MTN DEW [Animated] 
https://t.co/FQ6Yx8d7Xp via @YouTube 

The only beverage designed for gamers and fit for a king üëë

#OTKALLDAY #VictoryInACan @OTKnetwork",b'OTK x MTN DEW [Animated] \nhttps://t.co/FQ6Yx8d7Xp via @YouTube \n\nThe only beverage designed for gamers and fit for a king \xf0\x9f\x91\x91\n\n#OTKALLDAY #VictoryInACan @OTKnetwork',"{'hashtags': [{'text': 'OTKALLDAY', 'indices': [125, 135]}, {'text': 'VictoryInACan', 'indices': [136, 150]}], 'symbols': [], 'user_mentions': [{'screen_name': 'YouTube', 'name': 'YouTube', 'id': 10228272, 'id_str': '10228272', 'indices': [54, 62]}, {'screen_name': 'OTKnetwork', 'name': 'OTK', 'id': 1310888946826608640, 'id_str': '1310888946826608640', 'indices': [151, 162]}], 'urls': [{'url': 'https://t.co/FQ6Yx8d7Xp', 'expanded_url': 'https://youtu.be/18C6pU0P6do', 'display_url': 'youtu.be/18C6pU0P6do', 'indices': [26, 49]}]}",,en
1338520433008783363,2020-12-14 16:25:14,@Asmongold @Wowhead https://t.co/n9mZYpB5fn,b'@Asmongold @Wowhead https://t.co/n9mZYpB5fn',"{'hashtags': [], 'symbols': [], 'user_mentions': [{'screen_name': 'Asmongold', 'name': 'Zack', 'id': 147039284, 'id_str': '147039284', 'indices': [0, 10]}, {'screen_name': 'Wowhead', 'name': 'Wowhead', 'id': 17258481, 'id_str': '17258481', 'indices': [11, 19]}], 'urls': [], 'media': [{'id': 1338520420300038149, 'id_str': '1338520420300038149', 'indices': [20, 43], 'media_url': 'http://pbs.twimg.com/tweet_video_thumb/EpNhOwCXIAUG8b3.jpg', 'media_url_https': 'https://pbs.twimg.com/tweet_video_thumb/EpNhOwCXIAUG8b3.jpg', 'url': 'https://t.co/n9mZYpB5fn', 'display_url': 'pic.twitter.com/n9mZYpB5fn', 'expanded_url': 'https://twitter.com/MasterWooPing/status/1338520433008783363/photo/1', 'type': 'photo', 'sizes': {'thumb': {'w': 150, 'h': 150, 'resize': 'crop'}, 'large': {'w': 360, 'h': 360, 'resize': 'fit'}, 'small': {'w': 360, 'h': 360, 'resize': 'fit'}, 'medium': {'w': 360, 'h': 360, 'resize': 'fit'}}}]}",,und
1338222793675190273,2020-12-13 20:42:31,@OTKnetwork @Asmongold YES DUDE,b'@OTKnetwork @Asmongold YES DUDE',"{'hashtags': [], 'symbols': [], 'user_mentions': [{'screen_name': 'OTKnetwork', 'name': 'OTK', 'id': 1310888946826608640, 'id_str': '1310888946826608640', 'indices': [0, 11]}, {'screen_name': 'Asmongold', 'name': 'Zack', 'id': 147039284, 'id_str': '147039284', 'indices': [12, 22]}], 'urls': []}",,en
1338140931720159241,2020-12-13 15:17:14,"Times change...
What is going on here?

New video tomorrow #OTKALLDAY https://t.co/6Gzzvka6Zd",b'Times change...\nWhat is going on here?\n\nNew video tomorrow #OTKALLDAY https://t.co/6Gzzvka6Zd',"{'hashtags': [{'text': 'OTKALLDAY', 'indices': [59, 69]}], 'symbols': [], 'user_mentions': [], 'urls': [], 'media': [{'id': 1338140874140766209, 'id_str': '1338140874140766209', 'indices': [70, 93], 'media_url': 'http://pbs.twimg.com/ext_tw_video_thumb/1338140874140766209/pu/img/ojc_sVlyvNU3_jFC.jpg', 'media_url_https': 'https://pbs.twimg.com/ext_tw_video_thumb/1338140874140766209/pu/img/ojc_sVlyvNU3_jFC.jpg', 'url': 'https://t.co/6Gzzvka6Zd', 'display_url': 'pic.twitter.com/6Gzzvka6Zd', 'expanded_url': 'https://twitter.com/MasterWooPing/status/1338140931720159241/video/1', 'type': 'photo', 'sizes': {'thumb': {'w': 150, 'h': 150, 'resize': 'crop'}, 'medium': {'w': 1200, 'h': 675, 'resize': 'fit'}, 'small': {'w': 680, 'h': 383, 'resize': 'fit'}, 'large': {'w': 1280, 'h': 720, 'resize': 'fit'}}}]}",,en
1338066125494644736,2020-12-13 10:19:59,@Valeria97441393 No money = more deaths,b'@Valeria97441393 No money = more deaths',"{'hashtags': [], 'symbols': [], 'user_mentions': [{'screen_name': 'Valeria97441393', 'name': 'Valeria', 'id': 1332728166306164742, 'id_str': '1332728166306164742', 'indices': [0, 16]}], 'urls': []}",,en
1337929898304933889,2020-12-13 01:18:39,"Starting a new Asmon project: ""Demon Souls""

Just need a good name....

Demon Souls:","b'Starting a new Asmon project: ""Demon Souls""\n\nJust need a good name....\n\nDemon Souls:'","{'hashtags': [], 'symbols': [], 'user_mentions': [], 'urls': []}",,en
1337063857953648653,2020-12-10 15:57:19,@Asmongold @MitchJonez @cdew_wow Just bladestorm.üó° https://t.co/1NE7GPbxPm,b'@Asmongold @MitchJonez @cdew_wow Just bladestorm.\xf0\x9f\x97\xa1 https://t.co/1NE7GPbxPm',"{'hashtags': [], 'symbols': [], 'user_mentions': [{'screen_name': 'Asmongold', 'name': 'Zack', 'id': 147039284, 'id_str': '147039284', 'indices': [0, 10]}, {'screen_name': 'MitchJonez', 'name': 'Mitch Jones', 'id': 323030602, 'id_str': '323030602', 'indices': [11, 22]}, {'screen_name': 'cdew_wow', 'name': 'Cdew', 'id': 445797139, 'id_str': '445797139', 'indices': [23, 32]}], 'urls': [], 'media': [{'id': 1337063839528079366, 'id_str': '1337063839528079366', 'indices': [51, 74], 'media_url': 'http://pbs.twimg.com/ext_tw_video_thumb/1337063839528079366/pu/img/o9x8oQxvrUmsQUrb.jpg', 'media_url_https': 'https://pbs.twimg.com/ext_tw_video_thumb/1337063839528079366/pu/img/o9x8oQxvrUmsQUrb.jpg', 'url': 'https://t.co/1NE7GPbxPm', 'display_url': 'pic.twitter.com/1NE7GPbxPm', 'expanded_url': 'https://twitter.com/MasterWooPing/status/1337063857953648653/video/1', 'type': 'photo', 'sizes': {'medium': {'w': 540, 'h': 540, 'resize': 'fit'}, 'thumb': {'w': 150, 'h': 150, 'resize': 'crop'}, 'large': {'w': 540, 'h': 540, 'resize': 'fit'}, 'small': {'w': 540, 'h': 540, 'resize': 'fit'}}}]}",,en
1336791981981364226,2020-12-09 21:56:59,@OTKnetwork Hair transplant appointment.,b'@OTKnetwork Hair transplant appointment.',"{'hashtags': [], 'symbols': [], 'user_mentions': [{'screen_name': 'OTKnetwork', 'name': 'OTK', 'id': 1310888946826608640, 'id_str': '1310888946826608640', 'indices': [0, 11]}], 'urls': []}",,en
1335328547897012227,2020-12-05 21:01:49,@aureylian Blind people must be happy to see this accomplishment.,b'@aureylian Blind people must be happy to see this accomplishment.',"{'hashtags': [], 'symbols': [], 'user_mentions': [{'screen_name': 'aureylian', 'name': 'Aureylian ‚ñ≥‚Éí‚Éò', 'id': 206263351, 'id_str': '206263351', 'indices': [0, 10]}], 'urls': []}",,en
1335259196988805121,2020-12-05 16:26:15,"@Asmongold Here it is boys, 500 free gifted subs. https://t.co/oTM9fmv55Q","b'@Asmongold Here it is boys, 500 free gifted subs. https://t.co/oTM9fmv55Q'","{'hashtags': [], 'symbols': [], 'user_mentions': [{'screen_name': 'Asmongold', 'name': 'Zack', 'id': 147039284, 'id_str': '147039284', 'indices': [0, 10]}], 'urls': [], 'media': [{'id': 1335259189304815617, 'id_str': '1335259189304815617', 'indices': [50, 73], 'media_url': 'http://pbs.twimg.com/tweet_video_thumb/EofLKH2W8AEiGEF.jpg', 'media_url_https': 'https://pbs.twimg.com/tweet_video_thumb/EofLKH2W8AEiGEF.jpg', 'url': 'https://t.co/oTM9fmv55Q', 'display_url': 'pic.twitter.com/oTM9fmv55Q', 'expanded_url': 'https://twitter.com/MasterWooPing/status/1335259196988805121/photo/1', 'type': 'photo', 'sizes': {'thumb': {'w': 150, 'h': 150, 'resize': 'crop'}, 'medium': {'w': 498, 'h': 280, 'resize': 'fit'}, 'small': {'w': 498, 'h': 280, 'resize': 'fit'}, 'large': {'w': 498, 'h': 280, 'resize': 'fit'}}}]}",,en
1334628939646590978,2020-12-03 22:41:50,@KefffffinC @pokimanelol Love you too man üòò,b'@KefffffinC @pokimanelol Love you too man \xf0\x9f\x98\x98',"{'hashtags': [], 'symbols': [], 'user_mentions': [{'screen_name': 'KefffffinC', 'name': 'Casey Robinson', 'id': 30827928, 'id_str': '30827928', 'indices': [0, 11]}, {'screen_name': 'pokimanelol', 'name': 'pokimane', 'id': 2244953047, 'id_str': '2244953047', 'indices': [12, 24]}], 'urls': []}",,en
1334035969192943617,2020-12-02 07:25:34,@Asmongold Shadowlands is great because Shadowlands is good - H.C,b'@Asmongold Shadowlands is great because Shadowlands is good - H.C',"{'hashtags': [], 'symbols': [], 'user_mentions': [{'screen_name': 'Asmongold', 'name': 'Zack', 'id': 147039284, 'id_str': '147039284', 'indices': [0, 10]}], 'urls': []}",,en
1333866297180958723,2020-12-01 20:11:21,"https://t.co/LDFhQnsEZf

Warrior PvP in shadowlands!
Any ideas for other classes? üòÅ",b'https://t.co/LDFhQnsEZf\n\nWarrior PvP in shadowlands!\nAny ideas for other classes? \xf0\x9f\x98\x81',"{'hashtags': [], 'symbols': [], 'user_mentions': [], 'urls': [{'url': 'https://t.co/LDFhQnsEZf', 'expanded_url': 'https://www.youtube.com/watch?feature=youtu.be&v=8j8aRxN5MRI&app=desktop&persist_app=1', 'display_url': 'youtube.com/watch?feature=‚Ä¶', 'indices': [0, 23]}]}",,en
1333535765998034946,2020-11-30 22:17:57,"@OTKnetwork @Asmongold Nothing, she won't feel anything cuz undead warlock meele dmg sucks.","b""@OTKnetwork @Asmongold Nothing, she won't feel anything cuz undead warlock meele dmg sucks.""","{'hashtags': [], 'symbols': [], 'user_mentions': [{'screen_name': 'OTKnetwork', 'name': 'OTK', 'id': 1310888946826608640, 'id_str': '1310888946826608640', 'indices': [0, 11]}, {'screen_name': 'Asmongold', 'name': 'Zack', 'id': 147039284, 'id_str': '147039284', 'indices': [12, 22]}], 'urls': []}",,en
1333180299635814407,2020-11-29 22:45:27,@OTKnetwork @RichWCampbell @SolastroMedia now we know where the prize money is going. https://t.co/MZZ1sPYNXi,b'@OTKnetwork @RichWCampbell @SolastroMedia now we know where the prize money is going. https://t.co/MZZ1sPYNXi',"{'hashtags': [], 'symbols': [], 'user_mentions': [{'screen_name': 'OTKnetwork', 'name': 'OTK', 'id': 1310888946826608640, 'id_str': '1310888946826608640', 'indices': [0, 11]}, {'screen_name': 'RichWCampbell', 'name': 'Rich Campbell', 'id': 215743018, 'id_str': '215743018', 'indices': [12, 26]}, {'screen_name': 'SolastroMedia', 'name': 'Solastro', 'id': 1079433337356386305, 'id_str': '1079433337356386305', 'indices': [27, 41]}], 'urls': [], 'media': [{'id': 1333180292287393792, 'id_str': '1333180292287393792', 'indices': [86, 109], 'media_url': 'http://pbs.twimg.com/tweet_video_thumb/EoBoaY9XcAAZYz4.jpg', 'media_url_https': 'https://pbs.twimg.com/tweet_video_thumb/EoBoaY9XcAAZYz4.jpg', 'url': 'https://t.co/MZZ1sPYNXi', 'display_url': 'pic.twitter.com/MZZ1sPYNXi', 'expanded_url': 'https://twitter.com/MasterWooPing/status/1333180299635814407/photo/1', 'type': 'photo', 'sizes': {'medium': {'w': 220, 'h': 124, 'resize': 'fit'}, 'small': {'w': 220, 'h': 124, 'resize': 'fit'}, 'large': {'w': 220, 'h': 124, 'resize': 'fit'}, 'thumb': {'w': 124, 'h': 124, 'resize': 'crop'}}}]}",,en
1332429026879746057,2020-11-27 21:00:09,@OTKnetwork @nmplol https://t.co/6t8QpIAvlt,b'@OTKnetwork @nmplol https://t.co/6t8QpIAvlt',"{'hashtags': [], 'symbols': [], 'user_mentions': [{'screen_name': 'OTKnetwork', 'name': 'OTK', 'id': 1310888946826608640, 'id_str': '1310888946826608640', 'indices': [0, 11]}, {'screen_name': 'nmplol', 'name': 'Nick Polom', 'id': 766641570, 'id_str': '766641570', 'indices': [12, 19]}], 'urls': [], 'media': [{'id': 1332429011918729220, 'id_str': '1332429011918729220', 'indices': [20, 43], 'media_url': 'http://pbs.twimg.com/media/En29IHfXMAQsJSR.jpg', 'media_url_https': 'https://pbs.twimg.com/media/En29IHfXMAQsJSR.jpg', 'url': 'https://t.co/6t8QpIAvlt', 'display_url': 'pic.twitter.com/6t8QpIAvlt', 'expanded_url': 'https://twitter.com/MasterWooPing/status/1332429026879746057/photo/1', 'type': 'photo', 'sizes': {'thumb': {'w': 150, 'h': 150, 'resize': 'crop'}, 'small': {'w': 651, 'h': 680, 'resize': 'fit'}, 'large': {'w': 679, 'h': 709, 'resize': 'fit'}, 'medium': {'w': 679, 'h': 709, 'resize': 'fit'}}}]}",,und
1332098692078301186,2020-11-26 23:07:32,@OTKnetwork https://t.co/1WJpqPosgp,b'@OTKnetwork https://t.co/1WJpqPosgp',"{'hashtags': [], 'symbols': [], 'user_mentions': [{'screen_name': 'OTKnetwork', 'name': 'OTK', 'id': 1310888946826608640, 'id_str': '1310888946826608640', 'indices': [0, 11]}], 'urls': [], 'media': [{'id': 1332098684725686273, 'id_str': '1332098684725686273', 'indices': [12, 35], 'media_url': 'http://pbs.twimg.com/tweet_video_thumb/EnyQsizW8AEAejT.jpg', 'media_url_https': 'https://pbs.twimg.com/tweet_video_thumb/EnyQsizW8AEAejT.jpg', 'url': 'https://t.co/1WJpqPosgp', 'display_url': 'pic.twitter.com/1WJpqPosgp', 'expanded_url': 'https://twitter.com/MasterWooPing/status/1332098692078301186/photo/1', 'type': 'photo', 'sizes': {'thumb': {'w': 150, 'h': 150, 'resize': 'crop'}, 'small': {'w': 498, 'h': 288, 'resize': 'fit'}, 'large': {'w': 498, 'h': 288, 'resize': 'fit'}, 'medium': {'w': 498, 'h': 288, 'resize': 'fit'}}}]}",,und
1332094452677169156,2020-11-26 22:50:41,@OTKnetwork YEP https://t.co/VdrxYYX0ge,b'@OTKnetwork YEP https://t.co/VdrxYYX0ge',"{'hashtags': [], 'symbols': [], 'user_mentions': [{'screen_name': 'OTKnetwork', 'name': 'OTK', 'id': 1310888946826608640, 'id_str': '1310888946826608640', 'indices': [0, 11]}], 'urls': [], 'media': [{'id': 1332094447652311042, 'id_str': '1332094447652311042', 'indices': [16, 39], 'media_url': 'http://pbs.twimg.com/media/EnyM16eWEAIBFnF.jpg', 'media_url_https': 'https://pbs.twimg.com/media/EnyM16eWEAIBFnF.jpg', 'url': 'https://t.co/VdrxYYX0ge', 'display_url': 'pic.twitter.com/VdrxYYX0ge', 'expanded_url': 'https://twitter.com/MasterWooPing/status/1332094452677169156/photo/1', 'type': 'photo', 'sizes': {'thumb': {'w': 150, 'h': 150, 'resize': 'crop'}, 'small': {'w': 672, 'h': 577, 'resize': 'fit'}, 'medium': {'w': 672, 'h': 577, 'resize': 'fit'}, 'large': {'w': 672, 'h': 577, 'resize': 'fit'}}}]}",,und
1331859651550457858,2020-11-26 07:17:40,@Asmongold @nmplol https://t.co/MpI4CCurpq,b'@Asmongold @nmplol https://t.co/MpI4CCurpq',"{'hashtags': [], 'symbols': [], 'user_mentions': [{'screen_name': 'Asmongold', 'name': 'Zack', 'id': 147039284, 'id_str': '147039284', 'indices': [0, 10]}, {'screen_name': 'nmplol', 'name': 'Nick Polom', 'id': 766641570, 'id_str': '766641570', 'indices': [11, 18]}], 'urls': [], 'media': [{'id': 1331859644109746176, 'id_str': '1331859644109746176', 'indices': [19, 42], 'media_url': 'http://pbs.twimg.com/tweet_video_thumb/Enu3SjHW8AA4SWU.jpg', 'media_url_https': 'https://pbs.twimg.com/tweet_video_thumb/Enu3SjHW8AA4SWU.jpg', 'url': 'https://t.co/MpI4CCurpq', 'display_url': 'pic.twitter.com/MpI4CCurpq', 'expanded_url': 'https://twitter.com/MasterWooPing/status/1331859651550457858/photo/1', 'type': 'photo', 'sizes': {'thumb': {'w': 150, 'h': 150, 'resize': 'crop'}, 'large': {'w': 280, 'h': 200, 'resize': 'fit'}, 'small': {'w': 280, 'h': 200, 'resize': 'fit'}, 'medium': {'w': 280, 'h': 200, 'resize': 'fit'}}}]}",,und
1331389411603386368,2020-11-25 00:09:06,@MichaelLoda @OTKnetwork Imagine children recognize Zack as a great turkey.,b'@MichaelLoda @OTKnetwork Imagine children recognize Zack as a great turkey.',"{'hashtags': [], 'symbols': [], 'user_mentions': [{'screen_name': 'MichaelLoda', 'name': 'Michael Loda', 'id': 805145533203566594, 'id_str': '805145533203566594', 'indices': [0, 12]}, {'screen_name': 'OTKnetwork', 'name': 'OTK', 'id': 1310888946826608640, 'id_str': '1310888946826608640', 'indices': [13, 24]}], 'urls': []}",,en
1331379873575825408,2020-11-24 23:31:12,@softgiving @OTKnetwork @GamesForLoveorg Here it is boyz.,b'@softgiving @OTKnetwork @GamesForLoveorg Here it is boyz.',"{'hashtags': [], 'symbols': [], 'user_mentions': [{'screen_name': 'softgiving', 'name': 'Softgiving', 'id': 908697645090316289, 'id_str': '908697645090316289', 'indices': [0, 11]}, {'screen_name': 'OTKnetwork', 'name': 'OTK', 'id': 1310888946826608640, 'id_str': '1310888946826608640', 'indices': [12, 23]}, {'screen_name': 'GamesForLoveorg', 'name': 'Games For Love', 'id': 1057422210153897984, 'id_str': '1057422210153897984', 'indices': [24, 40]}], 'urls': []}",,en
1330924060876935170,2020-11-23 17:19:58,"The story of Thanksgiving from @OTKnetwork Animated version.

1-day effort animation I hope you guys like it anyway!

#Thanksgiving2020 #Friendsgiving  #OTK100k #OTK #OTKALLDAY
https://t.co/tCoXgGidvV",b'The story of Thanksgiving from @OTKnetwork Animated version.\n\n1-day effort animation I hope you guys like it anyway!\n\n#Thanksgiving2020 #Friendsgiving  #OTK100k #OTK #OTKALLDAY\nhttps://t.co/tCoXgGidvV',"{'hashtags': [{'text': 'Thanksgiving2020', 'indices': [118, 135]}, {'text': 'Friendsgiving', 'indices': [136, 150]}, {'text': 'OTK100k', 'indices': [152, 160]}, {'text': 'OTK', 'indices': [161, 165]}, {'text': 'OTKALLDAY', 'indices': [166, 176]}], 'symbols': [], 'user_mentions': [{'screen_name': 'OTKnetwork', 'name': 'OTK', 'id': 1310888946826608640, 'id_str': '1310888946826608640', 'indices': [31, 42]}], 'urls': [{'url': 'https://t.co/tCoXgGidvV', 'expanded_url': 'https://youtu.be/XNiwVSS8f_k', 'display_url': 'youtu.be/XNiwVSS8f_k', 'indices': [177, 200]}]}",,en
1330268015758348288,2020-11-21 21:53:04,@Asmongold @OTKnetwork @Twitch_Pink Bladestorm on a mount,b'@Asmongold @OTKnetwork @Twitch_Pink Bladestorm on a mount',"{'hashtags': [], 'symbols': [], 'user_mentions': [{'screen_name': 'Asmongold', 'name': 'Zack', 'id': 147039284, 'id_str': '147039284', 'indices': [0, 10]}, {'screen_name': 'OTKnetwork', 'name': 'OTK', 'id': 1310888946826608640, 'id_str': '1310888946826608640', 'indices': [11, 22]}, {'screen_name': 'Twitch_Pink', 'name': 'Izzy G ‚≠ê Onlyfans', 'id': 3305639147, 'id_str': '3305639147', 'indices': [23, 35]}], 'urls': []}",,en
1330158147701510153,2020-11-21 14:36:30,@itswandai Thanks again for letting me use this amazing song! üë≤üèª,b'@itswandai Thanks again for letting me use this amazing song! \xf0\x9f\x91\xb2\xf0\x9f\x8f\xbb',"{'hashtags': [], 'symbols': [], 'user_mentions': [{'screen_name': 'itswandai', 'name': 'WANDAI', 'id': 808795353084526593, 'id_str': '808795353084526593', 'indices': [0, 10]}], 'urls': []}",,en
1329892309761200131,2020-11-20 21:00:09,@Asmongold cock https://t.co/IZz0lwrZfz,b'@Asmongold cock https://t.co/IZz0lwrZfz',"{'hashtags': [], 'symbols': [], 'user_mentions': [{'screen_name': 'Asmongold', 'name': 'Zack', 'id': 147039284, 'id_str': '147039284', 'indices': [0, 10]}], 'urls': [], 'media': [{'id': 1329892254127886339, 'id_str': '1329892254127886339', 'indices': [16, 39], 'media_url': 'http://pbs.twimg.com/media/EnS59YTWEAMwhE4.jpg', 'media_url_https': 'https://pbs.twimg.com/media/EnS59YTWEAMwhE4.jpg', 'url': 'https://t.co/IZz0lwrZfz', 'display_url': 'pic.twitter.com/IZz0lwrZfz', 'expanded_url': 'https://twitter.com/MasterWooPing/status/1329892309761200131/photo/1', 'type': 'photo', 'sizes': {'thumb': {'w': 150, 'h': 150, 'resize': 'crop'}, 'medium': {'w': 407, 'h': 429, 'resize': 'fit'}, 'large': {'w': 407, 'h': 429, 'resize': 'fit'}, 'small': {'w': 407, 'h': 429, 'resize': 'fit'}}}]}",,en
1329603643469934592,2020-11-20 01:53:06,@Asmongold @OTKnetwork @EsfandTV @nmplol @TipsOutBaby @REALMizkif @RichWCampbell Why do you have hair?,b'@Asmongold @OTKnetwork @EsfandTV @nmplol @TipsOutBaby @REALMizkif @RichWCampbell Why do you have hair?',"{'hashtags': [], 'symbols': [], 'user_mentions': [{'screen_name': 'Asmongold', 'name': 'Zack', 'id': 147039284, 'id_str': '147039284', 'indices': [0, 10]}, {'screen_name': 'OTKnetwork', 'name': 'OTK', 'id': 1310888946826608640, 'id_str': '1310888946826608640', 'indices': [11, 22]}, {'screen_name': 'EsfandTV', 'name': 'Esfand', 'id': 385560056, 'id_str': '385560056', 'indices': [23, 32]}, {'screen_name': 'nmplol', 'name': 'Nick Polom', 'id': 766641570, 'id_str': '766641570', 'indices': [33, 40]}, {'screen_name': 'TipsOutBaby', 'name': 'Tips Out', 'id': 929479052141854721, 'id_str': '929479052141854721', 'indices': [41, 53]}, {'screen_name': 'REALMizkif', 'name': 'Mizkif', 'id': 4699719036, 'id_str': '4699719036', 'indices': [54, 65]}, {'screen_name': 'RichWCampbell', 'name': 'Rich Campbell', 'id': 215743018, 'id_str': '215743018', 'indices': [66, 80]}], 'urls': []}",,en
1329603162198724611,2020-11-20 01:51:11,"@MichaelLoda @pokimanelol Sweatpants and Flip-Flop.

I don't use armour.","b""@MichaelLoda @pokimanelol Sweatpants and Flip-Flop.\n\nI don't use armour.""","{'hashtags': [], 'symbols': [], 'user_mentions': [{'screen_name': 'MichaelLoda', 'name': 'Michael Loda', 'id': 805145533203566594, 'id_str': '805145533203566594', 'indices': [0, 12]}, {'screen_name': 'pokimanelol', 'name': 'pokimane', 'id': 2244953047, 'id_str': '2244953047', 'indices': [13, 25]}], 'urls': []}",,en
1329597518955618309,2020-11-20 01:28:45,@BananaRaccoon So Hansol can be the only high rated fire mage again?,b'@BananaRaccoon So Hansol can be the only high rated fire mage again?',"{'hashtags': [], 'symbols': [], 'user_mentions': [{'screen_name': 'BananaRaccoon', 'name': 'Li Bambi Banwell ü¶ù', 'id': 93002357, 'id_str': '93002357', 'indices': [0, 14]}], 'urls': []}",,en
1329595458881286144,2020-11-20 01:20:34,@pokimanelol I don't get it,"b""@pokimanelol I don't get it""","{'hashtags': [], 'symbols': [], 'user_mentions': [{'screen_name': 'pokimanelol', 'name': 'pokimane', 'id': 2244953047, 'id_str': '2244953047', 'indices': [0, 12]}], 'urls': []}",,en
1329553739447988225,2020-11-19 22:34:48,@Wowhead @LimitPreheat https://t.co/jojhI8TfEP,b'@Wowhead @LimitPreheat https://t.co/jojhI8TfEP',"{'hashtags': [], 'symbols': [], 'user_mentions': [{'screen_name': 'Wowhead', 'name': 'Wowhead', 'id': 17258481, 'id_str': '17258481', 'indices': [0, 8]}, {'screen_name': 'LimitPreheat', 'name': 'Preheat', 'id': 625528583, 'id_str': '625528583', 'indices': [9, 22]}], 'urls': [], 'media': [{'id': 1329553732707737601, 'id_str': '1329553732707737601', 'indices': [23, 46], 'media_url': 'http://pbs.twimg.com/tweet_video_thumb/EnOGE1vW4AE2IMx.jpg', 'media_url_https': 'https://pbs.twimg.com/tweet_video_thumb/EnOGE1vW4AE2IMx.jpg', 'url': 'https://t.co/jojhI8TfEP', 'display_url': 'pic.twitter.com/jojhI8TfEP', 'expanded_url': 'https://twitter.com/MasterWooPing/status/1329553739447988225/photo/1', 'type': 'photo', 'sizes': {'medium': {'w': 220, 'h': 124, 'resize': 'fit'}, 'small': {'w': 220, 'h': 124, 'resize': 'fit'}, 'large': {'w': 220, 'h': 124, 'resize': 'fit'}, 'thumb': {'w': 124, 'h': 124, 'resize': 'crop'}}}]}",,und
1329528966261186566,2020-11-19 20:56:21,@OTKnetwork @RichWCampbell Yo,b'@OTKnetwork @RichWCampbell Yo',"{'hashtags': [], 'symbols': [], 'user_mentions': [{'screen_name': 'OTKnetwork', 'name': 'OTK', 'id': 1310888946826608640, 'id_str': '1310888946826608640', 'indices': [0, 11]}, {'screen_name': 'RichWCampbell', 'name': 'Rich Campbell', 'id': 215743018, 'id_str': '215743018', 'indices': [12, 26]}], 'urls': []}",,und
1329411893564493826,2020-11-19 13:11:09,"@Chipatlhawks Warriors: ""Naaahh duuude.""","b'@Chipatlhawks Warriors: ""Naaahh duuude.""'","{'hashtags': [], 'symbols': [], 'user_mentions': [{'screen_name': 'Chipatlhawks', 'name': 'Chip', 'id': 1225255465082376194, 'id_str': '1225255465082376194', 'indices': [0, 13]}], 'urls': []}",,en
1329411186165739526,2020-11-19 13:08:20,"@KartoffelPoE @SavixIrL I think it was 
Rogues--&gt;Death Knights--&gt;Demon Hunters. üò≠",b'@KartoffelPoE @SavixIrL I think it was \nRogues--&gt;Death Knights--&gt;Demon Hunters. \xf0\x9f\x98\xad',"{'hashtags': [], 'symbols': [], 'user_mentions': [{'screen_name': 'KartoffelPoE', 'name': 'Kartoffel', 'id': 1166363389947514881, 'id_str': '1166363389947514881', 'indices': [0, 13]}, {'screen_name': 'SavixIrL', 'name': 'Savix', 'id': 3100937366, 'id_str': '3100937366', 'indices': [14, 23]}], 'urls': []}",,en
1329410608660422657,2020-11-19 13:06:03,"@Syzabtv @SavixIrL BM hunters
Fury warriors
Guardian Druids
Arcane Mages
Survival Hunters
Frost Death Knights
Destruction Warlocks
Mists Weaver Monks
Assassination Rogues: ""üëÅüëÑüëÅ""","b'@Syzabtv @SavixIrL BM hunters\nFury warriors\nGuardian Druids\nArcane Mages\nSurvival Hunters\nFrost Death Knights\nDestruction Warlocks\nMists Weaver Monks\nAssassination Rogues: ""\xf0\x9f\x91\x81\xf0\x9f\x91\x84\xf0\x9f\x91\x81""'","{'hashtags': [], 'symbols': [], 'user_mentions': [{'screen_name': 'Syzabtv', 'name': 'Lord', 'id': 766811797303111680, 'id_str': '766811797303111680', 'indices': [0, 8]}, {'screen_name': 'SavixIrL', 'name': 'Savix', 'id': 3100937366, 'id_str': '3100937366', 'indices': [9, 18]}], 'urls': []}",,en
1329408879248150535,2020-11-19 12:59:10,"@falelor @SavixIrL Well, I understand in the PVE perspective. 
But not in PvP (Arena) perspective.
Don‚Äôt get me wrong I think DH are strong in lower MMR like Ret Paladins but on higher MMR they get outplayed a lot when people starting respecting CD.
For me the stereotype comes from low MMR  players","b'@falelor @SavixIrL Well, I understand in the PVE perspective. \nBut not in PvP (Arena) perspective.\nDon\xe2\x80\x99t get me wrong I think DH are strong in lower MMR like Ret Paladins but on higher MMR they get outplayed a lot when people starting respecting CD.\nFor me the stereotype comes from low MMR  players'","{'hashtags': [], 'symbols': [], 'user_mentions': [{'screen_name': 'falelor', 'name': 'Falelor', 'id': 1256324902577156096, 'id_str': '1256324902577156096', 'indices': [0, 8]}, {'screen_name': 'SavixIrL', 'name': 'Savix', 'id': 3100937366, 'id_str': '3100937366', 'indices': [9, 18]}], 'urls': []}",,en
1329110037856358401,2020-11-18 17:11:41,"@EiyaWoW Are people in Thailand doing well during the pandemic?

Just wanna know because my family lives there and I didn't have contact with them for a while.","b""@EiyaWoW Are people in Thailand doing well during the pandemic?\n\nJust wanna know because my family lives there and I didn't have contact with them for a while.""","{'hashtags': [], 'symbols': [], 'user_mentions': [{'screen_name': 'EiyaWoW', 'name': 'Eiya', 'id': 43646187, 'id_str': '43646187', 'indices': [0, 8]}], 'urls': []}",,en
1329106171492503552,2020-11-18 16:56:19,"@SavixIrL Does Demon Hunter still have that stereotype that the class is playing by kids in Shadowlands? 

I enjoyed my DH and even got *Heroes of Alliance* with him, but people still make fun of me and call me a DH noob.

Please, tell me that the class is more difficult to play now. ü•≤","b'@SavixIrL Does Demon Hunter still have that stereotype that the class is playing by kids in Shadowlands? \n\nI enjoyed my DH and even got *Heroes of Alliance* with him, but people still make fun of me and call me a DH noob.\n\nPlease, tell me that the class is more difficult to play now. \xf0\x9f\xa5\xb2'","{'hashtags': [], 'symbols': [], 'user_mentions': [{'screen_name': 'SavixIrL', 'name': 'Savix', 'id': 3100937366, 'id_str': '3100937366', 'indices': [0, 9]}], 'urls': []}",,en
1329103938625433600,2020-11-18 16:47:27,"@Wowhead Okay, nice.

But where are my Male Pandaren long tails? üêº","b'@Wowhead Okay, nice.\n\nBut where are my Male Pandaren long tails? \xf0\x9f\x90\xbc'","{'hashtags': [], 'symbols': [], 'user_mentions': [{'screen_name': 'Wowhead', 'name': 'Wowhead', 'id': 17258481, 'id_str': '17258481', 'indices': [0, 8]}], 'urls': []}",,en
1328861042873671681,2020-11-18 00:42:16,@Wowhead Nice Asmongold fanart.,b'@Wowhead Nice Asmongold fanart.',"{'hashtags': [], 'symbols': [], 'user_mentions': [{'screen_name': 'Wowhead', 'name': 'Wowhead', 'id': 17258481, 'id_str': '17258481', 'indices': [0, 8]}], 'urls': []}",,en
1328517964501561344,2020-11-17 01:59:00,"Preview for my next and maybe my last animation project about @Asmongold  and  @OTKnetwork  !  

Unlike my other animation, I will take time for this project.
I will work hard on this one, wish me luck!‚úçÔ∏èüòô https://t.co/dfsw3kjcR3","b'Preview for my next and maybe my last animation project about @Asmongold  and  @OTKnetwork  !  \n\nUnlike my other animation, I will take time for this project.\nI will work hard on this one, wish me luck!\xe2\x9c\x8d\xef\xb8\x8f\xf0\x9f\x98\x99 https://t.co/dfsw3kjcR3'","{'hashtags': [], 'symbols': [], 'user_mentions': [{'screen_name': 'Asmongold', 'name': 'Zack', 'id': 147039284, 'id_str': '147039284', 'indices': [62, 72]}, {'screen_name': 'OTKnetwork', 'name': 'OTK', 'id': 1310888946826608640, 'id_str': '1310888946826608640', 'indices': [79, 90]}], 'urls': [], 'media': [{'id': 1328515197644967938, 'id_str': '1328515197644967938', 'indices': [206, 229], 'media_url': 'http://pbs.twimg.com/media/Em_ViJJWEAIXXoc.jpg', 'media_url_https': 'https://pbs.twimg.com/media/Em_ViJJWEAIXXoc.jpg', 'url': 'https://t.co/dfsw3kjcR3', 'display_url': 'pic.twitter.com/dfsw3kjcR3', 'expanded_url': 'https://twitter.com/MasterWooPing/status/1328517964501561344/photo/1', 'type': 'photo', 'sizes': {'medium': {'w': 1080, 'h': 569, 'resize': 'fit'}, 'thumb': {'w': 150, 'h': 150, 'resize': 'crop'}, 'small': {'w': 680, 'h': 358, 'resize': 'fit'}, 'large': {'w': 1080, 'h': 569, 'resize': 'fit'}}}]}",,en
1328388726716850181,2020-11-16 17:25:27,"@threezy @OTKnetwork Gratz! 
But I don't get it.
What are you hired for?  Like, are you going to do illustrations or Graphic layout? üòä","b""@threezy @OTKnetwork Gratz! \nBut I don't get it.\nWhat are you hired for?  Like, are you going to do illustrations or Graphic layout? \xf0\x9f\x98\x8a""","{'hashtags': [], 'symbols': [], 'user_mentions': [{'screen_name': 'threezy', 'name': 'JP', 'id': 634975540, 'id_str': '634975540', 'indices': [0, 8]}, {'screen_name': 'OTKnetwork', 'name': 'OTK', 'id': 1310888946826608640, 'id_str': '1310888946826608640', 'indices': [9, 20]}], 'urls': []}",,en
1328331765514178560,2020-11-16 13:39:06,"@uQ93346090 @Asmongold @WarcraftDevs @WatcherDev You only got rating during BFA when it's pretty much all about gear and rng. 

You outplayed more skilled player through gear and Rng proccs.

I think that's why you prefer the current system.

Outgearing players in PvP in an MMORPG is fine, but It shouldn't be through RNG.","b""@uQ93346090 @Asmongold @WarcraftDevs @WatcherDev You only got rating during BFA when it's pretty much all about gear and rng. \n\nYou outplayed more skilled player through gear and Rng proccs.\n\nI think that's why you prefer the current system.\n\nOutgearing players in PvP in an MMORPG is fine, but It shouldn't be through RNG.""","{'hashtags': [], 'symbols': [], 'user_mentions': [{'screen_name': 'uQ93346090', 'name': 'uQ', 'id': 1116100155542052865, 'id_str': '1116100155542052865', 'indices': [0, 11]}, {'screen_name': 'Asmongold', 'name': 'Zack', 'id': 147039284, 'id_str': '147039284', 'indices': [12, 22]}, {'screen_name': 'WarcraftDevs', 'name': 'WarcraftDevs', 'id': 2897774300, 'id_str': '2897774300', 'indices': [23, 36]}, {'screen_name': 'WatcherDev', 'name': 'Ion Hazzikostas', 'id': 1439881266, 'id_str': '1439881266', 'indices': [37, 48]}], 'urls': []}",,en
1328256792539881472,2020-11-16 08:41:11,"@NarzickYT @TipsOutBaby Lol, I don't think I‚Äôm the right guy for set design. 

Not if my room looks like Asmongolds room.","b""@NarzickYT @TipsOutBaby Lol, I don't think I\xe2\x80\x99m the right guy for set design. \n\nNot if my room looks like Asmongolds room.""","{'hashtags': [], 'symbols': [], 'user_mentions': [{'screen_name': 'NarzickYT', 'name': 'Narzick on Youtube!', 'id': 1236527239698800641, 'id_str': '1236527239698800641', 'indices': [0, 10]}, {'screen_name': 'TipsOutBaby', 'name': 'Tips Out', 'id': 929479052141854721, 'id_str': '929479052141854721', 'indices': [11, 23]}], 'urls': []}",,en
1328235947960446977,2020-11-16 07:18:22,@luconpollo @Asmongold @WarcraftDevs @WatcherDev @Blizzard_Ent @Warcraft_DE You know that German blizzard team are known for not reporting player feedback right?,b'@luconpollo @Asmongold @WarcraftDevs @WatcherDev @Blizzard_Ent @Warcraft_DE You know that German blizzard team are known for not reporting player feedback right?',"{'hashtags': [], 'symbols': [], 'user_mentions': [{'screen_name': 'luconpollo', 'name': 'nastyapollo', 'id': 288976048, 'id_str': '288976048', 'indices': [0, 11]}, {'screen_name': 'Asmongold', 'name': 'Zack', 'id': 147039284, 'id_str': '147039284', 'indices': [12, 22]}, {'screen_name': 'WarcraftDevs', 'name': 'WarcraftDevs', 'id': 2897774300, 'id_str': '2897774300', 'indices': [23, 36]}, {'screen_name': 'WatcherDev', 'name': 'Ion Hazzikostas', 'id': 1439881266, 'id_str': '1439881266', 'indices': [37, 48]}, {'screen_name': 'Blizzard_Ent', 'name': 'Blizzard Entertainment', 'id': 331908924, 'id_str': '331908924', 'indices': [49, 62]}, {'screen_name': 'Warcraft_DE', 'name': 'Warcraft_DE', 'id': 82320784, 'id_str': '82320784', 'indices': [63, 75]}], 'urls': []}",,en
1328235241828458498,2020-11-16 07:15:33,"@Onsokumaru84 @JayDarlington98 @cdew_wow @Asmongold @WarcraftDevs @WatcherDev @holinka I agree on that but almost every class are so simple now that even a back paddler can destroy you with the right gear.

I'm talking about battleground ofc.","b""@Onsokumaru84 @JayDarlington98 @cdew_wow @Asmongold @WarcraftDevs @WatcherDev @holinka I agree on that but almost every class are so simple now that even a back paddler can destroy you with the right gear.\n\nI'm talking about battleground ofc.""","{'hashtags': [], 'symbols': [], 'user_mentions': [{'screen_name': 'Onsokumaru84', 'name': 'Onsokumaru', 'id': 4707278015, 'id_str': '4707278015', 'indices': [0, 13]}, {'screen_name': 'JayDarlington98', 'name': 'Jay Darlington', 'id': 3365238269, 'id_str': '3365238269', 'indices': [14, 30]}, {'screen_name': 'cdew_wow', 'name': 'Cdew', 'id': 445797139, 'id_str': '445797139', 'indices': [31, 40]}, {'screen_name': 'Asmongold', 'name': 'Zack', 'id': 147039284, 'id_str': '147039284', 'indices': [41, 51]}, {'screen_name': 'WarcraftDevs', 'name': 'WarcraftDevs', 'id': 2897774300, 'id_str': '2897774300', 'indices': [52, 65]}, {'screen_name': 'WatcherDev', 'name': 'Ion Hazzikostas', 'id': 1439881266, 'id_str': '1439881266', 'indices': [66, 77]}, {'screen_name': 'holinka', 'name': 'Holinka', 'id': 25426820, 'id_str': '25426820', 'indices': [78, 86]}], 'urls': []}",,en
1328233174128791554,2020-11-16 07:07:20,"@uQ93346090 @Asmongold @WarcraftDevs @WatcherDev ""Only"" PvE players are acting like a spoiled brat. 

When they realize that they will never get the Transtmog, mounts and PVP Title.","b'@uQ93346090 @Asmongold @WarcraftDevs @WatcherDev ""Only"" PvE players are acting like a spoiled brat. \n\nWhen they realize that they will never get the Transtmog, mounts and PVP Title.'","{'hashtags': [], 'symbols': [], 'user_mentions': [{'screen_name': 'uQ93346090', 'name': 'uQ', 'id': 1116100155542052865, 'id_str': '1116100155542052865', 'indices': [0, 11]}, {'screen_name': 'Asmongold', 'name': 'Zack', 'id': 147039284, 'id_str': '147039284', 'indices': [12, 22]}, {'screen_name': 'WarcraftDevs', 'name': 'WarcraftDevs', 'id': 2897774300, 'id_str': '2897774300', 'indices': [23, 36]}, {'screen_name': 'WatcherDev', 'name': 'Ion Hazzikostas', 'id': 1439881266, 'id_str': '1439881266', 'indices': [37, 48]}], 'urls': []}",,en
1328223804225687552,2020-11-16 06:30:06,@TipsOutBaby What do you guys even need? Another streamer?,b'@TipsOutBaby What do you guys even need? Another streamer?',"{'hashtags': [], 'symbols': [], 'user_mentions': [{'screen_name': 'TipsOutBaby', 'name': 'Tips Out', 'id': 929479052141854721, 'id_str': '929479052141854721', 'indices': [0, 12]}], 'urls': []}",,en
1326553254440837121,2020-11-11 15:51:56,@Asmongold Aaaww no quiz game :(,b'@Asmongold Aaaww no quiz game :(',"{'hashtags': [], 'symbols': [], 'user_mentions': [{'screen_name': 'Asmongold', 'name': 'Zack', 'id': 147039284, 'id_str': '147039284', 'indices': [0, 10]}], 'urls': []}",,es
1326190866709540864,2020-11-10 15:51:56,@Asmongold Welcome back,b'@Asmongold Welcome back',"{'hashtags': [], 'symbols': [], 'user_mentions': [{'screen_name': 'Asmongold', 'name': 'Zack', 'id': 147039284, 'id_str': '147039284', 'indices': [0, 10]}], 'urls': []}",,en
1325516186386374656,2020-11-08 19:11:00,@ANevers @warcraftstats Epic Battleground doesn't count.,"b""@ANevers @warcraftstats Epic Battleground doesn't count.""","{'hashtags': [], 'symbols': [], 'user_mentions': [{'screen_name': 'ANevers', 'name': 'Anthony Nevers now with less Spookiness', 'id': 46296955, 'id_str': '46296955', 'indices': [0, 8]}, {'screen_name': 'warcraftstats', 'name': 'WarcraftStats', 'id': 2465012221, 'id_str': '2465012221', 'indices': [9, 23]}], 'urls': []}",,en
1325183549520007169,2020-11-07 21:09:13,@theyungjeff @OTKnetwork @REALMizkif https://t.co/Ti3fZFt3JP,b'@theyungjeff @OTKnetwork @REALMizkif https://t.co/Ti3fZFt3JP',"{'hashtags': [], 'symbols': [], 'user_mentions': [{'screen_name': 'theyungjeff', 'name': 'YUNGJEFF', 'id': 252351150, 'id_str': '252351150', 'indices': [0, 12]}, {'screen_name': 'OTKnetwork', 'name': 'OTK', 'id': 1310888946826608640, 'id_str': '1310888946826608640', 'indices': [13, 24]}, {'screen_name': 'REALMizkif', 'name': 'Mizkif', 'id': 4699719036, 'id_str': '4699719036', 'indices': [25, 36]}], 'urls': [], 'media': [{'id': 1325183543241224193, 'id_str': '1325183543241224193', 'indices': [37, 60], 'media_url': 'http://pbs.twimg.com/media/EmP_aVUWMAEJ7im.jpg', 'media_url_https': 'https://pbs.twimg.com/media/EmP_aVUWMAEJ7im.jpg', 'url': 'https://t.co/Ti3fZFt3JP', 'display_url': 'pic.twitter.com/Ti3fZFt3JP', 'expanded_url': 'https://twitter.com/MasterWooPing/status/1325183549520007169/photo/1', 'type': 'photo', 'sizes': {'small': {'w': 680, 'h': 382, 'resize': 'fit'}, 'thumb': {'w': 150, 'h': 150, 'resize': 'crop'}, 'large': {'w': 1422, 'h': 798, 'resize': 'fit'}, 'medium': {'w': 1200, 'h': 673, 'resize': 'fit'}}}]}",,und
1323958844704346112,2020-11-04 12:02:41,@Dr_Kakerlake ok,b'@Dr_Kakerlake ok',"{'hashtags': [], 'symbols': [], 'user_mentions': [{'screen_name': 'Dr_Kakerlake', 'name': 'Bundesrat Rock Coach', 'id': 26777021, 'id_str': '26777021', 'indices': [0, 13]}], 'urls': []}",,und
1323650438353203202,2020-11-03 15:37:11,@EiyaWoW Because Goldshire would be laggy as hell.,b'@EiyaWoW Because Goldshire would be laggy as hell.',"{'hashtags': [], 'symbols': [], 'user_mentions': [{'screen_name': 'EiyaWoW', 'name': 'Eiya', 'id': 43646187, 'id_str': '43646187', 'indices': [0, 8]}], 'urls': []}",,en
1323648856509349888,2020-11-03 15:30:54,@OTKnetwork @nmplol Why did you horizontal reverse picture of nick?,b'@OTKnetwork @nmplol Why did you horizontal reverse picture of nick?',"{'hashtags': [], 'symbols': [], 'user_mentions': [{'screen_name': 'OTKnetwork', 'name': 'OTK', 'id': 1310888946826608640, 'id_str': '1310888946826608640', 'indices': [0, 11]}, {'screen_name': 'nmplol', 'name': 'Nick Polom', 'id': 766641570, 'id_str': '766641570', 'indices': [12, 19]}], 'urls': []}",,en
1323273103775027201,2020-11-02 14:37:47,"@hmckaynova @OTKnetwork I like your art. 
They are so thicc üåö.",b'@hmckaynova @OTKnetwork I like your art. \nThey are so thicc \xf0\x9f\x8c\x9a.',"{'hashtags': [], 'symbols': [], 'user_mentions': [{'screen_name': 'hmckaynova', 'name': 'Hays Mckay (mckaos art)', 'id': 265706430, 'id_str': '265706430', 'indices': [0, 11]}, {'screen_name': 'OTKnetwork', 'name': 'OTK', 'id': 1310888946826608640, 'id_str': '1310888946826608640', 'indices': [12, 23]}], 'urls': []}",,en
1323056655802707970,2020-11-02 00:17:42,"@SolastroMedia @girlthatkillss @OTKnetwork Your Transmog was original and funny I was cheering for you the moment I saw your Transmog. 

Good job!",b'@SolastroMedia @girlthatkillss @OTKnetwork Your Transmog was original and funny I was cheering for you the moment I saw your Transmog. \n\nGood job!',"{'hashtags': [], 'symbols': [], 'user_mentions': [{'screen_name': 'SolastroMedia', 'name': 'Solastro', 'id': 1079433337356386305, 'id_str': '1079433337356386305', 'indices': [0, 14]}, {'screen_name': 'girlthatkillss', 'name': 'Renee', 'id': 859831054122852355, 'id_str': '859831054122852355', 'indices': [15, 30]}, {'screen_name': 'OTKnetwork', 'name': 'OTK', 'id': 1310888946826608640, 'id_str': '1310888946826608640', 'indices': [31, 42]}], 'urls': []}",,en
1323056232463294465,2020-11-02 00:16:01,"@girlthatkillss @OTKnetwork @SolastroMedia I didn't want to win because I only had a Flip-Flop and sweatpants on. It would be kinda weird for me if a chubby naked guy is the 1st place. üòÇ

And yea I would have been first place if they didn't do a second straw poll tho! :P

And I was endorsing Solastro during the stream!: https://t.co/jqf7Vq3Uu5","b""@girlthatkillss @OTKnetwork @SolastroMedia I didn't want to win because I only had a Flip-Flop and sweatpants on. It would be kinda weird for me if a chubby naked guy is the 1st place. \xf0\x9f\x98\x82\n\nAnd yea I would have been first place if they didn't do a second straw poll tho! :P\n\nAnd I was endorsing Solastro during the stream!: https://t.co/jqf7Vq3Uu5""","{'hashtags': [], 'symbols': [], 'user_mentions': [{'screen_name': 'girlthatkillss', 'name': 'Renee', 'id': 859831054122852355, 'id_str': '859831054122852355', 'indices': [0, 15]}, {'screen_name': 'OTKnetwork', 'name': 'OTK', 'id': 1310888946826608640, 'id_str': '1310888946826608640', 'indices': [16, 27]}, {'screen_name': 'SolastroMedia', 'name': 'Solastro', 'id': 1079433337356386305, 'id_str': '1079433337356386305', 'indices': [28, 42]}], 'urls': [], 'media': [{'id': 1323054513520074754, 'id_str': '1323054513520074754', 'indices': [322, 345], 'media_url': 'http://pbs.twimg.com/ext_tw_video_thumb/1323054513520074754/pu/img/DhX--lkPps6xbZmH.jpg', 'media_url_https': 'https://pbs.twimg.com/ext_tw_video_thumb/1323054513520074754/pu/img/DhX--lkPps6xbZmH.jpg', 'url': 'https://t.co/jqf7Vq3Uu5', 'display_url': 'pic.twitter.com/jqf7Vq3Uu5', 'expanded_url': 'https://twitter.com/MasterWooPing/status/1323056232463294465/video/1', 'type': 'photo', 'sizes': {'thumb': {'w': 150, 'h': 150, 'resize': 'crop'}, 'large': {'w': 848, 'h': 480, 'resize': 'fit'}, 'medium': {'w': 848, 'h': 480, 'resize': 'fit'}, 'small': {'w': 680, 'h': 385, 'resize': 'fit'}}}]}",,en
1322724199702663168,2020-11-01 02:16:38,@Jezebelley_ Thank you so much! I didn't expect to win with just sweatpants and flip-flop though.üßê,"b""@Jezebelley_ Thank you so much! I didn't expect to win with just sweatpants and flip-flop though.\xf0\x9f\xa7\x90""","{'hashtags': [], 'symbols': [], 'user_mentions': [], 'urls': []}",,en
1322723853748101122,2020-11-01 02:15:16,"https://t.co/ewu8LUdSjW 
Thanks to everyone that voted for my @OTKnetwork IRL transmog! I didn't expect to be 2nd place with Chubby Woo-Ping at all!

Here's a short behind the scene and recap video I made!üë≤","b""https://t.co/ewu8LUdSjW \nThanks to everyone that voted for my @OTKnetwork IRL transmog! I didn't expect to be 2nd place with Chubby Woo-Ping at all!\n\nHere's a short behind the scene and recap video I made!\xf0\x9f\x91\xb2""","{'hashtags': [], 'symbols': [], 'user_mentions': [{'screen_name': 'OTKnetwork', 'name': 'OTK', 'id': 1310888946826608640, 'id_str': '1310888946826608640', 'indices': [62, 73]}], 'urls': [{'url': 'https://t.co/ewu8LUdSjW', 'expanded_url': 'https://www.youtube.com/watch?v=mCYl67fG5YE', 'display_url': 'youtube.com/watch?v=mCYl67‚Ä¶', 'indices': [0, 23]}]}",,en
1322678368962306048,2020-10-31 23:14:31,My Woo-Ping Halloween Transmog! https://t.co/1P9a8pNYsE,b'My Woo-Ping Halloween Transmog! https://t.co/1P9a8pNYsE',"{'hashtags': [], 'symbols': [], 'user_mentions': [], 'urls': [], 'media': [{'id': 1322677637463089152, 'id_str': '1322677637463089152', 'indices': [32, 55], 'media_url': 'http://pbs.twimg.com/media/ElsYTa1XIAAA0Wv.jpg', 'media_url_https': 'https://pbs.twimg.com/media/ElsYTa1XIAAA0Wv.jpg', 'url': 'https://t.co/1P9a8pNYsE', 'display_url': 'pic.twitter.com/1P9a8pNYsE', 'expanded_url': 'https://twitter.com/MasterWooPing/status/1322678368962306048/photo/1', 'type': 'photo', 'sizes': {'thumb': {'w': 150, 'h': 150, 'resize': 'crop'}, 'medium': {'w': 900, 'h': 1200, 'resize': 'fit'}, 'small': {'w': 510, 'h': 680, 'resize': 'fit'}, 'large': {'w': 1536, 'h': 2048, 'resize': 'fit'}}}]}",,en
1322676520649895938,2020-10-31 23:07:11,@AnonPanic @Asmongold Transmog*,b'@AnonPanic @Asmongold Transmog*',"{'hashtags': [], 'symbols': [], 'user_mentions': [{'screen_name': 'AnonPanic', 'name': 'Panic Attack üá≤üá®', 'id': 1242721354140524544, 'id_str': '1242721354140524544', 'indices': [0, 10]}, {'screen_name': 'Asmongold', 'name': 'Zack', 'id': 147039284, 'id_str': '147039284', 'indices': [11, 21]}], 'urls': []}",,pl
1322673439153496064,2020-10-31 22:54:56,@Asmongold I left Stormwind just for this.,b'@Asmongold I left Stormwind just for this.',"{'hashtags': [], 'symbols': [], 'user_mentions': [{'screen_name': 'Asmongold', 'name': 'Zack', 'id': 147039284, 'id_str': '147039284', 'indices': [0, 10]}], 'urls': []}",,en
1322673088266407936,2020-10-31 22:53:32,"@Shiroi_v1 @OTKnetwork @SolastroMedia Well, I'm from Switzerland. üá®üá≠","b""@Shiroi_v1 @OTKnetwork @SolastroMedia Well, I'm from Switzerland. \xf0\x9f\x87\xa8\xf0\x9f\x87\xad""","{'hashtags': [], 'symbols': [], 'user_mentions': [{'screen_name': 'Shiroi_v1', 'name': 'Mayoface', 'id': 472466540, 'id_str': '472466540', 'indices': [0, 10]}, {'screen_name': 'OTKnetwork', 'name': 'OTK', 'id': 1310888946826608640, 'id_str': '1310888946826608640', 'indices': [11, 22]}, {'screen_name': 'SolastroMedia', 'name': 'Solastro', 'id': 1079433337356386305, 'id_str': '1079433337356386305', 'indices': [23, 37]}], 'urls': []}",,en
1322666515880173568,2020-10-31 22:27:25,@SolastroMedia @OTKnetwork Gratz! Enjoy your prize money dude!,b'@SolastroMedia @OTKnetwork Gratz! Enjoy your prize money dude!',"{'hashtags': [], 'symbols': [], 'user_mentions': [{'screen_name': 'SolastroMedia', 'name': 'Solastro', 'id': 1079433337356386305, 'id_str': '1079433337356386305', 'indices': [0, 14]}, {'screen_name': 'OTKnetwork', 'name': 'OTK', 'id': 1310888946826608640, 'id_str': '1310888946826608640', 'indices': [15, 26]}], 'urls': []}",,en
1322665873031729152,2020-10-31 22:24:52,@ItsChampMates @OTKnetwork @SolastroMedia My body fat was kinda scary tbh,b'@ItsChampMates @OTKnetwork @SolastroMedia My body fat was kinda scary tbh',"{'hashtags': [], 'symbols': [], 'user_mentions': [{'screen_name': 'ItsChampMates', 'name': 'Zachary Christoforu', 'id': 3402135533, 'id_str': '3402135533', 'indices': [0, 14]}, {'screen_name': 'OTKnetwork', 'name': 'OTK', 'id': 1310888946826608640, 'id_str': '1310888946826608640', 'indices': [15, 26]}, {'screen_name': 'SolastroMedia', 'name': 'Solastro', 'id': 1079433337356386305, 'id_str': '1079433337356386305', 'indices': [27, 41]}], 'urls': []}",,en
1322665552129757185,2020-10-31 22:23:36,"@OTKnetwork @SolastroMedia I left Stormwind since Catalysm to join the IRL Transmog contest and making cartoon for Asmon.

Best decision I've ever made.üë≤üèª","b""@OTKnetwork @SolastroMedia I left Stormwind since Catalysm to join the IRL Transmog contest and making cartoon for Asmon.\n\nBest decision I've ever made.\xf0\x9f\x91\xb2\xf0\x9f\x8f\xbb""","{'hashtags': [], 'symbols': [], 'user_mentions': [{'screen_name': 'OTKnetwork', 'name': 'OTK', 'id': 1310888946826608640, 'id_str': '1310888946826608640', 'indices': [0, 11]}, {'screen_name': 'SolastroMedia', 'name': 'Solastro', 'id': 1079433337356386305, 'id_str': '1079433337356386305', 'indices': [12, 26]}], 'urls': []}",,en
1322660942790971395,2020-10-31 22:05:17,@OTKnetwork Can't wait! Thank you for organizing this awesome event! ‚ù§Ô∏èüë≤üèª,"b""@OTKnetwork Can't wait! Thank you for organizing this awesome event! \xe2\x9d\xa4\xef\xb8\x8f\xf0\x9f\x91\xb2\xf0\x9f\x8f\xbb""","{'hashtags': [], 'symbols': [], 'user_mentions': [{'screen_name': 'OTKnetwork', 'name': 'OTK', 'id': 1310888946826608640, 'id_str': '1310888946826608640', 'indices': [0, 11]}], 'urls': []}",,en
1322659880432504832,2020-10-31 22:01:03,@OTKnetwork Wooohooo 2nd place! I'm so happy!,"b""@OTKnetwork Wooohooo 2nd place! I'm so happy!""","{'hashtags': [], 'symbols': [], 'user_mentions': [{'screen_name': 'OTKnetwork', 'name': 'OTK', 'id': 1310888946826608640, 'id_str': '1310888946826608640', 'indices': [0, 11]}], 'urls': []}",,en
1318098316811505666,2020-10-19 07:55:02,@Nixxiom Do you need help with the Animation? I only know how to do cheap old school animation but maybe I can show you some tricks to make the Animation less time consuming! :),b'@Nixxiom Do you need help with the Animation? I only know how to do cheap old school animation but maybe I can show you some tricks to make the Animation less time consuming! :)',"{'hashtags': [], 'symbols': [], 'user_mentions': [{'screen_name': 'Nixxiom', 'name': 'Nixxiom', 'id': 28460290, 'id_str': '28460290', 'indices': [0, 8]}], 'urls': []}",,en
1315946485549334531,2020-10-13 09:24:25,"@OTKnetwork I will apply soon because I'm currently unemployed. 

hope you guys need a super-fast animator. https://t.co/A3yiRSFpjV","b""@OTKnetwork I will apply soon because I'm currently unemployed. \n\nhope you guys need a super-fast animator. https://t.co/A3yiRSFpjV""","{'hashtags': [], 'symbols': [], 'user_mentions': [{'screen_name': 'OTKnetwork', 'name': 'OTK', 'id': 1310888946826608640, 'id_str': '1310888946826608640', 'indices': [0, 11]}], 'urls': [], 'media': [{'id': 1315946140752281600, 'id_str': '1315946140752281600', 'indices': [108, 131], 'media_url': 'http://pbs.twimg.com/ext_tw_video_thumb/1315946140752281600/pu/img/5L00njhxyDz7ZbGa.jpg', 'media_url_https': 'https://pbs.twimg.com/ext_tw_video_thumb/1315946140752281600/pu/img/5L00njhxyDz7ZbGa.jpg', 'url': 'https://t.co/A3yiRSFpjV', 'display_url': 'pic.twitter.com/A3yiRSFpjV', 'expanded_url': 'https://twitter.com/MasterWooPing/status/1315946485549334531/video/1', 'type': 'photo', 'sizes': {'thumb': {'w': 150, 'h': 150, 'resize': 'crop'}, 'medium': {'w': 1200, 'h': 675, 'resize': 'fit'}, 'small': {'w': 680, 'h': 383, 'resize': 'fit'}, 'large': {'w': 1280, 'h': 720, 'resize': 'fit'}}}]}",,en
1315395969320615951,2020-10-11 20:56:52,@Asmongold I like,b'@Asmongold I like',"{'hashtags': [], 'symbols': [], 'user_mentions': [{'screen_name': 'Asmongold', 'name': 'Zack', 'id': 147039284, 'id_str': '147039284', 'indices': [0, 10]}], 'urls': []}",,en
1315393638420094977,2020-10-11 20:47:36,@OTKnetwork gonna animate the intro for fun,b'@OTKnetwork gonna animate the intro for fun',"{'hashtags': [], 'symbols': [], 'user_mentions': [{'screen_name': 'OTKnetwork', 'name': 'OTK', 'id': 1310888946826608640, 'id_str': '1310888946826608640', 'indices': [0, 11]}], 'urls': []}",,en
1314618583167754243,2020-10-09 17:27:49,@Asmongold @Warcraft Why,b'@Asmongold @Warcraft Why',"{'hashtags': [], 'symbols': [], 'user_mentions': [{'screen_name': 'Asmongold', 'name': 'Zack', 'id': 147039284, 'id_str': '147039284', 'indices': [0, 10]}, {'screen_name': 'Warcraft', 'name': 'World of Warcraft', 'id': 61033129, 'id_str': '61033129', 'indices': [11, 20]}], 'urls': []}",,und
1307267676390273024,2020-09-19 10:37:56,@Wowhead üêõüêõüêõüêõUNITEüêõüêõüêõüêõüêõ https://t.co/q3mcRuSCSH,b'@Wowhead \xf0\x9f\x90\x9b\xf0\x9f\x90\x9b\xf0\x9f\x90\x9b\xf0\x9f\x90\x9bUNITE\xf0\x9f\x90\x9b\xf0\x9f\x90\x9b\xf0\x9f\x90\x9b\xf0\x9f\x90\x9b\xf0\x9f\x90\x9b https://t.co/q3mcRuSCSH',"{'hashtags': [], 'symbols': [], 'user_mentions': [{'screen_name': 'Wowhead', 'name': 'Wowhead', 'id': 17258481, 'id_str': '17258481', 'indices': [0, 8]}], 'urls': [], 'media': [{'id': 1307267345061154817, 'id_str': '1307267345061154817', 'indices': [24, 47], 'media_url': 'http://pbs.twimg.com/ext_tw_video_thumb/1307267345061154817/pu/img/_tl9RPlZwLkElztm.jpg', 'media_url_https': 'https://pbs.twimg.com/ext_tw_video_thumb/1307267345061154817/pu/img/_tl9RPlZwLkElztm.jpg', 'url': 'https://t.co/q3mcRuSCSH', 'display_url': 'pic.twitter.com/q3mcRuSCSH', 'expanded_url': 'https://twitter.com/MasterWooPing/status/1307267676390273024/video/1', 'type': 'photo', 'sizes': {'thumb': {'w': 150, 'h': 150, 'resize': 'crop'}, 'medium': {'w': 1200, 'h': 675, 'resize': 'fit'}, 'small': {'w': 680, 'h': 383, 'resize': 'fit'}, 'large': {'w': 1280, 'h': 720, 'resize': 'fit'}}}]}",,es
1307028419843100672,2020-09-18 18:47:13,"@Nixxiom Thanks! Well, I uploaded the video https://t.co/2muPq860ny I used your Death Knight for some parts.
Thanks for letting me use him. üòé","b'@Nixxiom Thanks! Well, I uploaded the video https://t.co/2muPq860ny I used your Death Knight for some parts.\nThanks for letting me use him. \xf0\x9f\x98\x8e'","{'hashtags': [], 'symbols': [], 'user_mentions': [{'screen_name': 'Nixxiom', 'name': 'Nixxiom', 'id': 28460290, 'id_str': '28460290', 'indices': [0, 8]}], 'urls': [{'url': 'https://t.co/2muPq860ny', 'expanded_url': 'https://www.youtube.com/watch?v=1lWxtIBpKuM&feature=youtu.be', 'display_url': 'youtube.com/watch?v=1lWxtI‚Ä¶', 'indices': [44, 67]}]}",,en
1307027709281927169,2020-09-18 18:44:23,"https://t.co/iEGAqkMfwR
Vote now!",b'https://t.co/iEGAqkMfwR\nVote now!',"{'hashtags': [], 'symbols': [], 'user_mentions': [], 'urls': [{'url': 'https://t.co/iEGAqkMfwR', 'expanded_url': 'https://eu.forums.blizzard.com/en/wow/t/poll-choose-the-next-shadowlands-mount/180222', 'display_url': 'eu.forums.blizzard.com/en/wow/t/poll-‚Ä¶', 'indices': [0, 23]}]}",,en
1307027639861993472,2020-09-18 18:44:07,"https://t.co/ZBJvwMPoLc

New Video Uploaded.

Let's go! Caterpillar gang!
3 hours left to vote in EU!

Vote now!

#Warcraft #worldofwarcraft #Wow #asmongold","b""https://t.co/ZBJvwMPoLc\n\nNew Video Uploaded.\n\nLet's go! Caterpillar gang!\n3 hours left to vote in EU!\n\nVote now!\n\n#Warcraft #worldofwarcraft #Wow #asmongold""","{'hashtags': [{'text': 'Warcraft', 'indices': [114, 123]}, {'text': 'worldofwarcraft', 'indices': [124, 140]}, {'text': 'Wow', 'indices': [141, 145]}, {'text': 'asmongold', 'indices': [146, 156]}], 'symbols': [], 'user_mentions': [], 'urls': [{'url': 'https://t.co/ZBJvwMPoLc', 'expanded_url': 'https://youtube.com/watch?v=1lWxtIBpKuM&feature=youtu.be', 'display_url': 'youtube.com/watch?v=1lWxtI‚Ä¶', 'indices': [0, 23]}]}",,en
1306574911704621056,2020-09-17 12:45:08,"@Nixxiom I asked you a couple days ago for permission to use your death knight for a video.
Well, this is your part!

What do you think? Should I fix something or do you wanna add something yourself? :)

I gonna upload the full video later this evening. https://t.co/1d42MIyWUA","b'@Nixxiom I asked you a couple days ago for permission to use your death knight for a video.\nWell, this is your part!\n\nWhat do you think? Should I fix something or do you wanna add something yourself? :)\n\nI gonna upload the full video later this evening. https://t.co/1d42MIyWUA'","{'hashtags': [], 'symbols': [], 'user_mentions': [{'screen_name': 'Nixxiom', 'name': 'Nixxiom', 'id': 28460290, 'id_str': '28460290', 'indices': [0, 8]}], 'urls': [], 'media': [{'id': 1306574336267034626, 'id_str': '1306574336267034626', 'indices': [254, 277], 'media_url': 'http://pbs.twimg.com/ext_tw_video_thumb/1306574336267034626/pu/img/Nr5-IzRmmHRhEbE4.jpg', 'media_url_https': 'https://pbs.twimg.com/ext_tw_video_thumb/1306574336267034626/pu/img/Nr5-IzRmmHRhEbE4.jpg', 'url': 'https://t.co/1d42MIyWUA', 'display_url': 'pic.twitter.com/1d42MIyWUA', 'expanded_url': 'https://twitter.com/MasterWooPing/status/1306574911704621056/video/1', 'type': 'photo', 'sizes': {'thumb': {'w': 150, 'h': 150, 'resize': 'crop'}, 'medium': {'w': 1200, 'h': 675, 'resize': 'fit'}, 'small': {'w': 680, 'h': 383, 'resize': 'fit'}, 'large': {'w': 1280, 'h': 720, 'resize': 'fit'}}}]}",,en
1305634002510974979,2020-09-14 22:26:18,@Nixxiom Awsome! Thanks!,b'@Nixxiom Awsome! Thanks!',"{'hashtags': [], 'symbols': [], 'user_mentions': [{'screen_name': 'Nixxiom', 'name': 'Nixxiom', 'id': 28460290, 'id_str': '28460290', 'indices': [0, 8]}], 'urls': []}",,en
1305628526201245697,2020-09-14 22:04:32,"@Nixxiom  Sorry to bother you Nixxiom. But may I ask you if I'm allow to draw and put your Night Elves Death Knight into my next Asmongold animation?

I already asked you per email for permission, but I just wanna make sure you saw it!

Your Fan

       Woo Ping
&lt;Weapon Master&gt;","b""@Nixxiom  Sorry to bother you Nixxiom. But may I ask you if I'm allow to draw and put your Night Elves Death Knight into my next Asmongold animation?\n\nI already asked you per email for permission, but I just wanna make sure you saw it!\n\nYour Fan\n\n       Woo Ping\n&lt;Weapon Master&gt;""","{'hashtags': [], 'symbols': [], 'user_mentions': [{'screen_name': 'Nixxiom', 'name': 'Nixxiom', 'id': 28460290, 'id_str': '28460290', 'indices': [0, 8]}], 'urls': []}",,en
1305464776349421568,2020-09-14 11:13:51,@NarcoliesTV thanks for sharing! üòÅ,b'@NarcoliesTV thanks for sharing! \xf0\x9f\x98\x81',"{'hashtags': [], 'symbols': [], 'user_mentions': [{'screen_name': 'NarcoliesTV', 'name': 'Narcolies', 'id': 2534227730, 'id_str': '2534227730', 'indices': [0, 12]}], 'urls': []}",,en
1305098539383640065,2020-09-13 10:58:34,"Glad you liked my content @Asmongold , I will definitely do more of these now!‚ôøÔ∏è https://t.co/8xxkAE7234","b'Glad you liked my content @Asmongold , I will definitely do more of these now!\xe2\x99\xbf\xef\xb8\x8f https://t.co/8xxkAE7234'","{'hashtags': [], 'symbols': [], 'user_mentions': [{'screen_name': 'Asmongold', 'name': 'Zack', 'id': 147039284, 'id_str': '147039284', 'indices': [26, 36]}], 'urls': [], 'media': [{'id': 1305098301684023297, 'id_str': '1305098301684023297', 'indices': [81, 104], 'media_url': 'http://pbs.twimg.com/media/Ehyj_ZzXgAECVZn.jpg', 'media_url_https': 'https://pbs.twimg.com/media/Ehyj_ZzXgAECVZn.jpg', 'url': 'https://t.co/8xxkAE7234', 'display_url': 'pic.twitter.com/8xxkAE7234', 'expanded_url': 'https://twitter.com/MasterWooPing/status/1305098539383640065/photo/1', 'type': 'photo', 'sizes': {'small': {'w': 680, 'h': 311, 'resize': 'fit'}, 'thumb': {'w': 150, 'h': 150, 'resize': 'crop'}, 'large': {'w': 1653, 'h': 756, 'resize': 'fit'}, 'medium': {'w': 1200, 'h': 549, 'resize': 'fit'}}}]}",,en
